url_source,url_target,page_title_target
None,http://www.bankofamerica.com/,Bank of America - Banking, Credit Cards, Loans and Merrill Investing
http://www.bankofamerica.com/,http://www.bankofamerica.com/smallbusiness,Small Business Banking, Credit Cards & Loans â Bank of America
http://www.bankofamerica.com/,https://www.bankofamerica.com/security-center/overview,Privacy & Security Center at Bank of America
http://www.bankofamerica.com/,https://about.bankofamerica.com,About Bank of America- Our People, Our Passion, Our Purpose
http://www.bankofamerica.com/,http://www.bankofamerica.com/es,Bank of America: operaciones bancarias, tarjetas de crédito, préstamos e inversiones con Merrill
http://www.bankofamerica.com/,https://www.bankofamerica.com,Bank of America - Banking, Credit Cards, Loans and Merrill Investing
http://www.bankofamerica.com/,https://secure.bankofamerica.com/auth/enroll/enroll-entry,Bank of America - Banking, Credit Cards, Loans and Merrill Investing
http://www.bankofamerica.com/,https://locators.bankofamerica.com,Bank of America Financial Centers and ATMs
http://www.bankofamerica.com/,https://homeloanhelp.bankofamerica.com/en/index.html,Home Loan Assistance | Bank of America
http://www.bankofamerica.com/,https://promo.bankofamerica.com/mobile-banking,Mobile Banking from Bank of America | Bank of America
http://www.bankofamerica.com/,http://www.bankofamerica.com/deposits/checking/checking-accounts,Bank of America Advantage Banking - A Flexible Checking Account
http://www.bankofamerica.com/,http://www.bankofamerica.com/deposits/savings/savings-accounts,Savings Account - Open a Bank of America Advantage Savings Account Online
http://www.bankofamerica.com/,http://www.bankofamerica.com/credit-cards,Credit Cards: Find & Apply for a Credit Card Online at Bank of America
http://www.bankofamerica.com/,http://www.bankofamerica.com/mortgage/home-mortgage,Mortgages - Home Mortgage Loans from Bank of America
http://www.bankofamerica.com/,http://www.bankofamerica.com/auto-loans,Auto Loans & Car Financing from Bank of America
http://www.bankofamerica.com/,https://bettermoneyhabits.bankofamerica.com/en,Personal Financial Education from Better Money Habits
http://www.bankofamerica.com/,http://www.bankofamerica.com/student-banking,Banking Accounts for Students & Resources from Bank of America
http://www.bankofamerica.com/,http://www.bankofamerica.com/deposits/checking/advantage-banking,Bank of America Advantage Banking - A Flexible Checking Account
http://www.bankofamerica.com/,http://www.bankofamerica.com/smallbusiness/deposits/checking-accounts,Business Checking Accounts | Open a Business Bank Account Online
http://www.bankofamerica.com/,http://www.bankofamerica.com/online-banking/mobile-and-online-banking-features,Mobile Banking & Online Banking Features from Bank of America
http://www.bankofamerica.com/,http://www.bankofamerica.com/signature-services,Support Before, During and After Financial Life Events
http://www.bankofamerica.com/smallbusiness,https://promo.bankofamerica.com/olbs/index.html,Bank of America - Online Business Suite®
http://www.bankofamerica.com/smallbusiness,http://www.bankofamerica.com/smallbusiness/business-financing,Small Business Loans - Compare Loan Types and Start Your Application
http://www.bankofamerica.com/smallbusiness,http://www.bankofamerica.com/smallbusiness/merchant-services,Merchant Services: Credit Card & Payment Processing Solutions
http://www.bankofamerica.com/smallbusiness,http://www.bankofamerica.com/smallbusiness/resources,
http://www.bankofamerica.com/smallbusiness,http://www.bankofamerica.com/smallbusiness/deposits/checking-accounts/business-fundamentals,Business Fundamentals® Checking Solution from Bank of America
http://www.bankofamerica.com/smallbusiness,http://www.bankofamerica.com/smallbusiness/deposits/checking-accounts/business-advantage,Business Advantage Checking Account from Bank of America
http://www.bankofamerica.com/smallbusiness,https://promo.bankofamerica.com/RelationshipRewards,Bank of America
http://www.bankofamerica.com/smallbusiness,http://www.bankofamerica.com/smallbusiness/deposits/savings-accounts/cd-accounts,Business Certificate of Deposit (CD) Accounts from Bank of America
http://www.bankofamerica.com/smallbusiness,https://www.bankofamerica.com/businessadvantage360,Cash Flow Monitor - Cash Flow Management Tool
http://www.bankofamerica.com/smallbusiness,https://healthaccounts.bankofamerica.com/explore-sm-business.shtml,Health Savings Accounts (HSAs) for Small Businesses
http://www.bankofamerica.com/smallbusiness,http://www.bankofamerica.com/smallbusiness/credit-cards/view-all-small-business-credit-cards,Small Business Credit Cards from Bank of America
http://www.bankofamerica.com/smallbusiness,http://www.bankofamerica.com/smallbusiness/credit-cards/business-popular-credit-cards,Popular Business Credit Cards â Must Haves for Your Small Business
http://www.bankofamerica.com/smallbusiness,http://www.bankofamerica.com/smallbusiness/credit-cards/business-cash-back-credit-cards,Cash Back Business Credit Cards â Earn Cash Rewards
http://www.bankofamerica.com/smallbusiness,http://www.bankofamerica.com/smallbusiness/credit-cards/business-travel-credit-cards,Travel Rewards Small Business Credit Cards from Bank of America
http://www.bankofamerica.com/smallbusiness,http://www.bankofamerica.com/smallbusiness/credit-cards/business-low-interest-credit-cards,Low Interest Small Business Credit Cards from Bank of America
http://www.bankofamerica.com/smallbusiness,http://www.bankofamerica.com/smallbusiness/credit-cards/compare-small-business-credit-cards,Compare Small Business Credit Cards from Bank of America
http://www.bankofamerica.com/smallbusiness,http://www.bankofamerica.com/smallbusiness/business-financing/unsecured-business-line-of-credit,Unsecured Business Lines of Credit at Bank of America
http://www.bankofamerica.com/smallbusiness,http://www.bankofamerica.com/smallbusiness/business-financing/unsecured-business-loans,Unsecured Business Loans & Financing from Bank of America
http://www.bankofamerica.com/smallbusiness,http://www.bankofamerica.com/smallbusiness/business-financing/auto-loans,Business Auto Loans & Financing for Commercial Vehicles
http://www.bankofamerica.com/smallbusiness,http://www.bankofamerica.com/smallbusiness/business-financing/business-line-of-credit,Secured Business Line of Credit at Bank of America
https://www.bankofamerica.com/security-center/overview,https://www.bankofamerica.com/online-banking/sign-in,Sign in to Bank of America Online & Mobile Banking to Manage Your Accounts
https://www.bankofamerica.com/security-center/overview,https://www.bankofamerica.com/security-center/privacy-overview,Bank of America Privacy Notices and Policies
https://www.bankofamerica.com/security-center/overview,https://www.bankofamerica.com/security-center/report-suspicious-communications,Report Suspicious Activities & Transactions on Accounts
https://www.bankofamerica.com/security-center/overview,https://www.bankofamerica.com/security-center/faq/emv-chip-card,EMV Chip Card FAQs from Bank of America
https://www.bankofamerica.com/security-center/overview,https://www.bankofamerica.com/security-center/fraud-prevention-checklist,Fraud Prevention Checklist - Steps to Help Prevent Bank Fraud
https://www.bankofamerica.com/security-center/overview,https://www.bankofamerica.com/security-center/avoid-bank-scams,How to Identify a Bank Scam to Keep Your Account Safe
https://www.bankofamerica.com/security-center/overview,https://www.bankofamerica.com/security-center/bank-fraud-prevention,How to Recognize and Prevent Bank Fraud to Avoid Becoming a Victim
https://www.bankofamerica.com/security-center/overview,https://www.bankofamerica.com/security-center/small-business-fraud-prevention,Protect Your Business Account from Fraud Events
https://www.bankofamerica.com/security-center/overview,https://www.bankofamerica.com/security-center/privacy-policy-glossary,Privacy & Security Glossary of Terms from Bank of America
https://www.bankofamerica.com/security-center/overview,https://www.bankofamerica.com/security-center/understand-merchant-compromise,How to Handle Data & Account Compromise
https://www.bankofamerica.com/security-center/overview,https://www.bankofamerica.com/online-banking/online-banking-security-guarantee,Online & Mobile Banking Security Guarantee from Bank of America
https://www.bankofamerica.com/security-center/overview,https://www.bankofamerica.com/security-center/online-banking,Tools to Manage Your Security & Privacy Online
https://www.bankofamerica.com/security-center/overview,https://preferences.em.bankofamerica.com/prefs/unsubrev/unsubrev,Bank of America | Unsubscribe Reversal
https://www.bankofamerica.com/security-center/overview,https://www.bankofamerica.com/online-banking/mobile-and-online-banking-features/manage-alerts,Setup and Manage Email, Text & Mobile App Alerts for Your Account
https://www.bankofamerica.com/security-center/overview,https://www.bankofamerica.com/security-center/online-mobile-banking-privacy/mcafee-antivirus-free-trial,McAfee® LiveSafe™ Anti-Virus Special Offer & Promotion
https://www.bankofamerica.com/security-center/overview,https://bettermoneyhabits.bankofamerica.com/en/privacy-security,Personal Privacy, Data Security and Avoiding Identity Theft
https://www.bankofamerica.com/security-center/overview,https://www.bankofamerica.com/signature-services/elder-financial-services,Financial Protection for Aging Adults & Caregivers
https://www.bankofamerica.com/security-center/overview,https://www.bankofamerica.com/signature-services,Support Before, During and After Financial Life Events
https://www.bankofamerica.com/security-center/overview,https://www.bankofamerica.com/signature-services/power-of-attorney,Power of Attorney Services: What is it & How to Get One?
https://www.bankofamerica.com/security-center/overview,http://social.bankofamerica.com,Social media guidelines
https://about.bankofamerica.com,https://about.bankofamerica.com/en-us/index.html,About Bank of America- Our People, Our Passion, Our Purpose
https://about.bankofamerica.com,https://about.bankofamerica.com/en-us/who-we-are.html,Bank of America: Our Story and Purpose
https://about.bankofamerica.com,https://about.bankofamerica.com/en-us/who-we-are/our-company.html,Bank of America Corporation: Company Profile, Facts & Vision
https://about.bankofamerica.com,https://about.bankofamerica.com/en-us/who-we-are/our-strategy.html,Bank of America's Strategy of Responsible Growth
https://about.bankofamerica.com,https://about.bankofamerica.com/en-us/who-we-are/our-businesses.html,Bank of America Subsidiaries, Products & Services
https://about.bankofamerica.com,https://about.bankofamerica.com/en-us/who-we-are/values-and-principles.html,Bank of America Values & Principles: Our Core Company Values
https://about.bankofamerica.com,https://about.bankofamerica.com/en-us/who-we-are/our-culture.html,Bank of America Culture - Integrity & Risk Management
https://about.bankofamerica.com,https://about.bankofamerica.com/en-us/who-we-are/hear-from-our-ceo.html,Our CEO, Brian Moynihan, Discuss Responsible Growth
https://about.bankofamerica.com,https://about.bankofamerica.com/en-us/who-we-are/where-we-are.html,Bank of America International Locations & Global Markets
https://about.bankofamerica.com,https://about.bankofamerica.com/en-us/who-we-are/our-history-and-heritage.html,Bank of America's History, Heritage & Timeline
https://about.bankofamerica.com,https://about.bankofamerica.com/en-us/what-guides-us/driving-responsible-growth.html,How We’re Driving Responsible Growth
https://about.bankofamerica.com,https://about.bankofamerica.com/en-us/what-guides-us.html,What Guides Us: The Foundation of Bank of America's Culture
https://about.bankofamerica.com,https://about.bankofamerica.com/en-us/what-guides-us/making-an-impact.html,Making a Social and Economic Impact
https://about.bankofamerica.com,https://about.bankofamerica.com/en-us/what-guides-us/environmental-sustainability.html,Corporate Environmental Sustainability at Bank of America
https://about.bankofamerica.com,https://about.bankofamerica.com/en-us/what-guides-us/driving-social-and-economic-progress.html,Driving Social & Economic Progress by Helping Build Communities
https://about.bankofamerica.com,https://about.bankofamerica.com/en-us/what-guides-us/enabling-financial-health.html,Financial Health Services & Strategies from Bank of America
https://about.bankofamerica.com,https://about.bankofamerica.com/en-us/what-guides-us/our-business-practices.html,Our Business Practices: Fair and Ethical Guidelines
https://about.bankofamerica.com,https://about.bankofamerica.com/en-us/what-guides-us/governance.html,Our Governance & Business Ethics: Transformed by Leadership
https://about.bankofamerica.com,https://about.bankofamerica.com/en-us/what-guides-us/risk-management.html,Our Corporate Risk Management: Leading to Responsible Growth
https://about.bankofamerica.com,https://about.bankofamerica.com/en-us/what-guides-us/client-focus.html,Our Service to Our Clients: Upholding Ethical Standards
http://www.bankofamerica.com/es,https://secure.bankofamerica.com/auth/enroll/enroll-entry/es,Bank of America | Banca en Línea | Inscribirse en Banca en Línea y Banca Móvil
http://www.bankofamerica.com/es,https://es-locators.bankofamerica.com,Centros financieros y Cajeros automáticos de Bank of America
http://www.bankofamerica.com/es,https://promo.bankofamerica.com/AppMovil,App de Banca Móvil en español de Bank of America
http://www.bankofamerica.com/es,http://www.bankofamerica.com/deposits/checking/checking-accounts/es,Bank of America Advantage Banking - A Flexible Checking Account
http://www.bankofamerica.com/es,http://www.bankofamerica.com/deposits/savings/savings-accounts/es,Cuenta de ahorros: abra una cuenta Bank of America Advantage Savings en línea
http://www.bankofamerica.com/es,http://www.bankofamerica.com/credit-cards/es,Tarjetas de crédito: encuentre y solicite en línea una tarjeta de crédito en Bank of America
http://www.bankofamerica.com/es,http://www.bankofamerica.com/mortgage/home-mortgage/es,Hipotecas - Préstamos hipotecarios para viviendas de Bank of America
http://www.bankofamerica.com/es,http://www.bankofamerica.com/auto-loans/es,Préstamos y financiación para automóvil de Bank of America
http://www.bankofamerica.com/es,https://bettermoneyhabits.bankofamerica.com/es,Educación financiera personal de Mejores Hábitos Financieros
http://www.bankofamerica.com/es,http://www.bankofamerica.com/deposits/checking/advantage-banking/es,Bank of America Advantage Banking : Una cuenta de cheques flexible
http://www.bankofamerica.com/es,http://www.bankofamerica.com/student-banking/es,Cuentas de banco para estudiantes y recursos de Bank of America
http://www.bankofamerica.com/es,http://www.bankofamerica.com/online-banking/mobile-and-online-banking-features/overview/es,Beneficios y características de la Banca Móvil y la Banca en Línea de Bank of America
http://www.bankofamerica.com/es,http://www.bankofamerica.com/signature-services/es,Apoyo antes, durante y después de los eventos de la vida financiera
http://www.bankofamerica.com/es,http://www.bankofamerica.com/preferred-rewards/my-rewards/es,Mis recompensas: todas sus recompensas de Bank of America en un solo lugar
http://www.bankofamerica.com/es,http://www.bankofamerica.com/deposits/savings/child-savings-accounts/es,Cuentas de ahorros para niños: Una cuenta de ahorros para niños
http://www.bankofamerica.com/es,http://www.bankofamerica.com/deposits/bank-cds/cd-accounts/es,Certificados de depósito (CD): Tasas de interés para CD
http://www.bankofamerica.com/es,http://www.bankofamerica.com/deposits/iras/retirement-accounts/es,Cuentas individuales de jubilación - Abra una Cuenta IRA en línea
http://www.bankofamerica.com/es,http://www.bankofamerica.com/credit-cards/cash-back-credit-cards/es,Tarjetas de crédito con recompensas y que devuelven dinero
http://www.bankofamerica.com/es,http://www.bankofamerica.com/credit-cards/travel-credit-cards/es,Tarjetas de crédito para viajes con puntos
